ID,specialite,recodage_specialite
14,,
15,,
16,,
29,histoire de l'architecture,autre
94,histoire ,histoire
97,"Science Politiques, sociologie (Politiques publiques, comparaisons internationales)",sociologie
205,,
213,sociologie,sociologie
223,Histoire contemporaine,histoire
252,histoire contemporaine,histoire
280,,
321,Littérature des pays de langue allemande,autre
335,Socio-anthropologie / Aménagement du territoire,sociologie
350,Lettres (littérature française du 19e siècle),autre
401,"Histoire (j'ai réalisé une édition critique dans le cadre de ma thèse, mais ce n'est pas la cœur).",histoire
426,histoire du droit,autre
453,sciences de l'information et communication,autre
456,Lettres,autre
461,études cinématographiques et audiovisuelles,autre
474,civilisation irlandaise ,autre
491,Informatique,autre
521,physique théorique et physique fondamentale,physique 
525,Histoire,histoire
578,Histoire,histoire
583,Histoire de l'Afrique contemporaine,histoire
588,"Histoire culturelle, histoire politique, journalisme",histoire
599,Histoire ancienne,histoire
607,Histoire,histoire
622,,
728,Histoire économique,histoire
729,Electronique,autre
804,,
871,,
880,sociologie,sociologie
891,Robotique,autre
929,,
1049,Géopolitique,autre
1063,Histoire de l'art,autre
1065,"sociologie, histoire",autre
1073,Sciences de l'information,autre
1097,,
1122,"droit constitutionnel, droit administratif",autre
1125,,
1126,,
1161,Histoire et histoire de l'art,autre
1166,,
1192,Littérature et Recherche-Création,autre
24,architecture,autre
68,Sociologie ,sociologie
73,sociologie,sociologie
81,Science politique,autre
87,economie sociale,autre
92,Histoire,histoire
114,histoire économique,histoire
115,Histoire économique,histoire
119,,
132,sociologie,sociologie
135,Sociologie ,sociologie
137,Geographie,géographie
142,,
161,sociologie,sociologie
172,,
173,Sociologie,sociologie
180,sociologie,sociologie
182,sociologie économique,sociologie
188,"Épistémologie, anthropologie des sciences ",autre
190,sociologie,sociologie
192,Sociologie de l'environnement,sociologie
209,Sociologie,sociologie
211,Ethnologie,autre
212,sociologie,sociologie
227,Science politique,autre
231,HISTOIRE,histoire
238,Histoire,histoire
239,sociologie,sociologie
240,sociologie,sociologie
266,sociologie économique,sociologie
274,Cliométrie,autre
298,Sociologie,sociologie
312,Sociologie,sociologie
322,,
330,Histoire moderne,histoire
332,Sociologie,sociologie
343,SOCIOLOGIE,sociologie
347,sociologie politique,sociologie
363,sociologie,sociologie
372,Histoire,histoire
373,,
388,Histoire contemporaine,histoire
399,sociologie,sociologie
430,reelations internationales,autre
436,,
441,sociologie,sociologie
448,Psychologie et sciences de l'éducation,psychologie
462,litérature française,autre
470,Socio histoire de la quantification ,histoire
475,sociologie,sociologie
487,histoire et archéologie,autre
496,Anthropologie,autre
502,sciences de l'information-communication,autre
504,archéologie,archéologie
527,ethnologie,autre
528,sociologie,sociologie
572,anthropologie historique,autre
575,Sociologie des sciences et des techniques,sociologie
585,histoire médiévale,histoire
589,Anthropologie,autre
591,Littérature,autre
592,Histoire moderne,histoire
598,sociologie,sociologie
601,sociologie,sociologie
616,Histoire de l'art,autre
623,histoire contemporaine,histoire
643,Sociologie politique,sociologie
651,génie électrique,autre
736,Psychologie du travail,psychologie
786,sociologie et histoire,autre
798,art plastique,autre
799,Sciences de l'Information et de la Communication,autre
801,sociologie,sociologie
810,Théorie des Organisation,autre
821,slavistique,autre
827,sociologie,sociologie
831,Histoire,histoire
926,Linguistique allemande et linguistique contrastive allemand-français,linguistique
944,Aménagement,autre
976,Psychologie,psychologie
1064,sciences du langage,linguistique
1092,MANAGEMENT,autre
1144,droit public,autre
1152,"Sciences du Langage, Français Langue Étrangère",linguistique
1155,science politique,autre
1158,sociolinguistique,autre
1160,sociologie,sociologie
1163,Géographie humaine,géographie
1164,Droit,autre
1165,,
1174,Chimie des matériaux,chimie
1182,sociologie,sociologie
1183,,
1190,"Sociologie, science politique",sociologie
21,Histoire,histoire
35,linguistique,linguistique
39,géographie,géographie
50,,
52,histoire contemporaine,histoire
54,Archéologie,archéologie
67,ETHNOMUSICOLOGIE,autre
69,Histoire contemporaine,histoire
72,Sociologie,sociologie
77,histoire,histoire
83,,
91,Histoire contemporaine ,histoire
104,"démographie, sociologie",sociologie
110,Sociologie,sociologie
144,sociologie,sociologie
160,STS,autre
193,Histoire,histoire
210,sociologie,sociologie
225,"Economie de l'attention, socio-économie",autre
230,sociologie,sociologie
232,Sociologie économique,sociologie
233,linguistique,linguistique
253,Sociologie,sociologie
254,socio-anthropologie,sociologie
256,archéologie préhistorique,archéologie
265,sciences de l'éducation,autre
269,Sociologie,sociologie
272,Histoire,histoire
275,sociologie,sociologie
290,,
300,sciences de l'éducation,autre
308,paléométallurgie,autre
340,Sociologie,sociologie
346,Archéologie,archéologie
349,histoire,histoire
357,Histoire contemporaine,histoire
382,Architecture,autre
414,"histoire contemporaine, histoire des sciences",histoire
415,Culture Hispanophone,autre
437,sociologie,sociologie
438,sociologie,sociologie
454,philosophie,autre
467,Histoire,histoire
471,Histoire,histoire
479,sociologie économique,sociologie
489,sociologie du travail,sociologie
492,archéologie,archéologie
513,Psychologie sociale,psychologie
537,Histoire,histoire
548,Géographie,géographie
558,archéologue,archéologie
570,histoire,histoire
580,anthropologie culturelle,autre
590,Histoire,histoire
610,archéologie,archéologie
617,Linguistique,linguistique
625,Histoire de l'art moderne,autre
652,anthropologie,autre
685,Histoire architecture,histoire
691,Sociologie du travail,sociologie
695,Géographie,géographie
737,arts du spectacle ,autre
739,Musicologie,autre
789,Histoire médiévale,histoire
833,études germaniques,autre
842,Biologie cellulaire ,biologie
855,Informatique,autre
857,,
907,Photographie,autre
914,Droit public,autre
916,linguistique des langues anciennes,linguistique
918,Littérature,autre
943,archéologie gallo-romaine,archéologie
957,"Neuroéthologie, Entomologie, Écologie",autre
1002,Littérature française,autre
1007,Histoire,histoire
1009,Psychomotricité,autre
1038,géographie sociale,géographie
1040,,
1054,,
1058,Sociologie,sociologie
1082,,
1090,études américaines,autre
1096,Didactique de langues - anglais,autre
1098,droit privé,autre
1149,Histoire,histoire
1150,"Cinéma, civilisation américaine, genre",autre
1162,Histoire antique,histoire
1167,biologie structurale,biologie
1171,sociologie,sociologie
1179,,
1185,linguistique,linguistique
1187,,
1193,"Droit de l'emploi, Droit du travail ",autre
1196,sciences de l'éducation et sciences du travail,autre
48,sciences de l'information et de la communication,autre
78,Sciences éducation,autre
113,Sociologie,sociologie
149,sociologie,sociologie
168,Sociologie,sociologie
249,Archéologie,archéologie
257,,
285,Mécanique,autre
288,,
374,éthologie,autre
417,Psychologie,psychologie
446,Physique fondamentale,physique 
463,géographie,géographie
486,Sociologie,sociologie
506,,
515,physique théorique (mécanique statistique/ problème à N corps quantique) ,physique 
519,Physique stochastique expérimentale,physique 
522,Préhistoire récente,autre
530,Economie,autre
534,Sociologie,sociologie
556,Histoire économique,histoire
563,"Physiologie, Biologie cellulaire et moléculaire",autre
584,géographie,géographie
593,microbiologie,biologie
597,Hydraulique,autre
606,biochimie,biologie
609,physique quantique,physique 
611,Macro-économie,autre
618,Génie Electrique,autre
626,Géographie,géographie
636,"Bio ingéniérie, neurosciences",biologie
645,psychologie,psychologie
649,Analyse d'images,autre
661,,
672,Optimisation mathématique,autre
682,chimie,chimie
694,traitement d'images,autre
697,,
708,Psychologie sociale et du travail,psychologie
714,biologie moléculaire,biologie
719,physique du composant à semiconducteur,physique 
735,,
742,neurosciences,autre
743,,
745,HYDROLOGIE et informatique,autre
752,"microbiologie, infectiologie, biologie cellulaire",biologie
781,chimie organique,chimie
790,Nanochimie,chimie
791,Paléomagnétisme,autre
793,Chimie-biologie,autre
802,biologie vegetale,biologie
805,Minéralogie - Cristallographie - Pétrologie,autre
820,Ingénierie système et sciences du numérique,autre
823,Economie Publique,autre
829,Analyses physico-chimiques,autre
830,Neurosciences,autre
834,Economie théorique,autre
838,Biologie moléculaire - Etudes structure fonction - ,biologie
847,astrophysique,autre
848,,
868,Chimie Analytique,chimie
879,chimie organique,chimie
885,Génie Industriel et Intelligence artificielle,autre
886,,
890,physique des plasmas,physique 
893,électrochimie,chimie
898,,
908,Sciences des matériaux,autre
911,chimie du solide,chimie
924,maintenance prédictive (61e section CNU),autre
927,,
931,pharmacologie,autre
942,Materiaux,autre
955,Expert en instrumentation et data science,autre
965,Sciences des matériaux,autre
968,recherche opérationnelle,autre
974,Métallurgie,autre
978,Economie comportementale et expérimentale,autre
983,Physiopathologie,autre
984,économie,autre
985,,
987,Biologie comportement animal,biologie
994,,
995,Statistiques appliquées,autre
996,génétique,autre
997,chimie,chimie
1001,"Chimie-physique, nanosciences et nanotechnologies",autre
1018,"matériaux, polymères, lumière",autre
1020,Matériaux,autre
1022,Physique,physique 
1028,Caractérisation de matériaux,autre
1031,Physique des surfaces,physique 
1039,Biologie moléculaire,biologie
1044,biochimie,biologie
1048,,
1050,Matériaux céramiques,autre
1055,,
1059,actuariat,autre
1061,biologie moléculaire,biologie
1062,"Physique expérimentale et théorique, optique",physique 
1074,,
1085,,
1088,Chimie des matériaux,chimie
1100,Psychologie sociale et du travail,psychologie
1101,Chimie analytique,chimie
1104,psychologie,psychologie
1107,Enzymologie,autre
1123,Science des matériaux,autre
1128,plasmas froids,autre
1130,neurosciences,autre
1136,spectroscopie optique,autre
1139,méthodes de séparation basées sur les propriétés chimique et physiques,autre
1147,Psychologie cognitive,psychologie
1154,Transferts hydro-sédimentaires,autre
1170,Psychologie cognitive,psychologie
1176,calcul scientifique,autre
1184,agronomie,autre
1189,"Biochimie, biologie moléculaire",biologie
1205,ecotoxicologie,autre
1211,gestion de données et statistiques ,autre
32,"Géographie, archéologie, histoire, sociologie, informatique",autre
33,Sculpture médiévale et édition numérique ,autre
40,Géographie et documentation,géographie
47,linguistique,linguistique
60,,
103,SIC,autre
118,sociologie,sociologie
128,géographie,géographie
242,géomatique,autre
244,Sociologie,sociologie
262,bio-imagerie,biologie
273,psychologie différentielle interculturelle,psychologie
276,Sociologie,sociologie
293,Histoire économique,histoire
297,,
315,archéologie,archéologie
320,Archéologie,archéologie
324,Génétique,autre
326,Bibliométrie-scientométrie,autre
328,"Sociologie, histoire",autre
333,géographie humaine,géographie
355,Histoire,histoire
361,Histoire,histoire
379,spectroscopie,autre
386,sciences du langage,linguistique
445,Histoire médiévale,histoire
457,astronomie,autre
495,linguistique,linguistique
532,géomatique,autre
538,physique ,physique 
541,physico-chimie,autre
543,géographie humaine,géographie
586,"Etudes anglophones, études shakespeariennes, histoire du livre, de la lecture, manuscrits du 16ème siècle",histoire
621,,
639,Gestion des connaissances,autre
650,Cancérologie,autre
684,mathématiques appliqués,autre
686,sciences du langage,linguistique
693,Physique des Hautes Energies,physique 
696,océanographie,autre
701,Sciences du Langage,linguistique
707,"Astronomie, planétologie",autre
730,neurosciences cognitives et écologie comportementale,autre
738,information communication,autre
740,"Histoire ancienne, archéologie",autre
754,Anthropologie,autre
757,Science des matériaux,autre
758,Modélisation et Analyse de données,autre
770,sciences du langage,linguistique
775,traitement des signaux et des images,autre
778,physique fondamentale,physique 
779,,
806,,
835,Management de projets complexes,autre
852,Intelligence Artificielle,autre
883,,
884,neurosciences cognitives,autre
888,Histoire des faits économique,histoire
906,histoire,histoire
920,,
952,information Scientifique et Technique,autre
959,,
972,informatique linguistique,linguistique
1034,Archéologie,archéologie
1041,Langue et littérature,autre
1045,Linguistique,linguistique
1070,,
1086,"linguistique textuelle, analyse des données textuelles, textométrie",linguistique
1087,Sciences de l'information et de la communication,autre
1119,Maladies infectieuses ,autre
1148,sciences du language et didactique des langues,linguistique
1156,"sociologie, science politique",sociologie
1210,histoire,histoire
